Term,P-value,Genes,Counts
amantadine PC3 UP,0.0119391531667426,GRINA,1
quercetin MCF7 UP,0.0135215845650559,GRINA,1
Zebularine CTD 00000459,0.0190426489375205,DERL1,1
coenzyme A BOSS,0.0233616444222661,ACOT11,1
gabexate PC3 UP,0.0323385449223173,GRINA,1
