Term,P-value,Genes,Counts
amantadine PC3 UP,0.0104543235506301,GRINA,1
quercetin MCF7 UP,0.011841135434323,GRINA,1
Zebularine CTD 00000459,0.0166818697165673,DERL1,1
gabexate PC3 UP,0.028353412163333,GRINA,1
tetryzoline HL60 DOWN,0.0463104569464851,HGH1,1
