Gene,p-value,Adjusted p-value
NPEPL1,6.451074931448406e-07,0.007651619976190954
