Gene,p-value,Adjusted p-value
SCGB2A2,7.912683249478912e-07,0.013156418438908586
