Gene,p-value,Adjusted p-value
ATP13A1,2.9258072589077596e-06,0.034702999897904936
NPEPL1,1.1426989127114161e-06,0.013553551803670107
