Gene,p-value,Adjusted p-value
LILRP2,2.4507172984391095e-06,0.04074807652114707
