Gene,p-value,Adjusted p-value
SCGB2A2,1.5941999543155028e-07,0.0026506762640403866
PIP,1.585708593463277e-06,0.026365576783513905
