Gene,p-value,Adjusted p-value
ZSCAN22,2.6570037596916044e-06,0.044178001512392304
