Gene,p-value,Adjusted p-value
SCGB2A2,1.2395344127992203e-07,0.0020609738681612636
