Gene,p-value,Adjusted p-value
SCGB2A2,8.521247432311145e-08,0.001416827810570374
