Gene,p-value,Adjusted p-value
SCGB2A2,2.77969307139629e-08,0.0004621795669810612
