Gene,p-value,Adjusted p-value
SCGB2A2,2.9097070901531185e-06,0.048379699787975905
