Gene,p-value,Adjusted p-value
SCGB2A2,4.2821917708738107e-07,0.007120000257431885
