Gene,p-value,Adjusted p-value
SCGB2A2,3.1988330305838206e-07,0.005318699679951719
