Gene,p-value,Adjusted p-value
PHACTR2,3.1471995023351093e-06,0.037328933297196734
