Gene,p-value,Adjusted p-value
LILRP2,1.873998393373234e-06,0.031158971286616762
