Gene,p-value,Adjusted p-value
LILRP2,2.2462219634234533e-06,0.03734793258584176
