Gene,p-value,Adjusted p-value
ATP13A1,2.9258072589077596e-06,0.034702999897904936
NPEPL1,6.451074931448406e-07,0.007651619976190954
