Gene,p-value,Adjusted p-value
SCGB2A2,5.702349424087942e-07,0.009481296387431021
