Gene,p-value,Adjusted p-value
SCGB2A2,1.855639625901883e-07,0.003085372005987061
