Gene,p-value,Adjusted p-value
LILRP2,2.896520334619393e-06,0.04816044360371664
