Gene,p-value,Adjusted p-value
ATP13A1,2.9258072589077596e-06,0.034702999897904936
NPEPL1,2.1802445743090938e-06,0.02585988089588016
